server,package,version,license
fe-frontend,acorn,8.18.0,MIT
fe-frontend,acorn-jsx,5.3.2,MIT
fe-frontend,agent-base,7.1.4,MIT
fe-frontend,ajv,6.15.0,MIT
fe-frontend,ansi-colors,4.1.3,MIT
fe-frontend,ansi-escapes,7.3.0,MIT
fe-frontend,ansi-regex,5.0.1,MIT
fe-frontend,ansi-regex,6.2.2,MIT
fe-frontend,ansi-styles,4.3.0,MIT
fe-frontend,ansi-styles,5.2.0,MIT
fe-frontend,ansi-styles,6.2.3,MIT
fe-frontend,antd,5.29.3,MIT
fe-frontend,argparse,2.0.1,Python-2.0
fe-frontend,aria-query,5.3.0,Apache-2.0
fe-frontend,aria-query,5.3.2,Apache-2.0
fe-frontend,assertion-error,2.0.1,MIT
fe-frontend,ast-v8-to-istanbul,0.3.12,MIT
fe-frontend,balanced-match,1.0.2,MIT
fe-frontend,balanced-match,4.0.4,MIT
fe-frontend,baseline-browser-mapping,2.11.12,Apache-2.0
fe-frontend,brace-expansion,1.1.18,MIT
fe-frontend,brace-expansion,2.1.4,MIT
fe-frontend,brace-expansion,5.0.9,MIT
fe-frontend,browserslist,4.28.7,MIT
fe-frontend,cac,6.7.14,MIT
fe-frontend,callsites,3.1.0,MIT
fe-frontend,caniuse-lite,1.0.30001807,CC-BY-4.0
fe-frontend,chai,5.3.3,MIT
fe-frontend,chalk,4.1.2,MIT
fe-frontend,change-case,5.4.4,MIT
fe-frontend,check-error,2.1.3,MIT
fe-frontend,classnames,2.5.1,MIT
fe-frontend,cli-cursor,5.0.0,MIT
fe-frontend,cli-truncate,5.2.0,MIT
fe-frontend,cli-width,4.1.0,ISC
fe-frontend,cliui,8.0.1,ISC
fe-frontend,clsx,2.1.1,MIT
fe-frontend,color-convert,2.0.1,MIT
fe-frontend,color-name,1.1.4,MIT
fe-frontend,colorette,1.4.0,MIT
fe-frontend,colorette,2.0.20,MIT
fe-frontend,commander,14.0.3,MIT
fe-frontend,compute-scroll-into-view,3.1.1,MIT
fe-frontend,concat-map,0.0.1,MIT
fe-frontend,convert-source-map,2.0.0,MIT
fe-frontend,cookie,1.1.1,MIT
fe-frontend,copy-to-clipboard,3.3.3,MIT
fe-frontend,cross-fetch,4.0.0,MIT
fe-frontend,cross-spawn,7.0.6,MIT
fe-frontend,css.escape,1.5.1,MIT
fe-frontend,cssstyle,4.6.0,MIT
fe-frontend,csstype,3.2.3,MIT
fe-frontend,data-urls,5.0.0,MIT
fe-frontend,dayjs,1.11.21,MIT
fe-frontend,debug,4.4.3,MIT
fe-frontend,decimal.js,10.6.0,MIT
fe-frontend,deep-eql,5.0.2,MIT
fe-frontend,deep-is,0.1.4,MIT
fe-frontend,dequal,2.0.3,MIT
fe-frontend,dom-accessibility-api,0.5.16,MIT
fe-frontend,dom-accessibility-api,0.6.3,MIT
fe-frontend,eastasianwidth,0.2.0,MIT
fe-frontend,electron-to-chromium,1.5.402,ISC
fe-frontend,emoji-regex,10.6.0,MIT
fe-frontend,emoji-regex,8.0.0,MIT
fe-frontend,emoji-regex,9.2.2,MIT
fe-frontend,entities,6.0.1,BSD-2-Clause
fe-frontend,environment,1.1.0,MIT
fe-frontend,es-module-lexer,1.7.0,MIT
fe-frontend,esbuild,0.25.12,MIT
fe-frontend,escalade,3.2.0,MIT
fe-frontend,escape-string-regexp,4.0.0,MIT
fe-frontend,eslint,9.39.5,MIT
fe-frontend,eslint-plugin-react-hooks,5.2.0,MIT
fe-frontend,eslint-plugin-react-refresh,0.4.26,MIT
fe-frontend,eslint-scope,8.4.0,BSD-2-Clause
fe-frontend,eslint-visitor-keys,3.4.3,Apache-2.0
fe-frontend,eslint-visitor-keys,4.2.1,Apache-2.0
fe-frontend,eslint-visitor-keys,5.0.1,Apache-2.0
fe-frontend,espree,10.4.0,BSD-2-Clause
fe-frontend,esquery,1.7.0,BSD-3-Clause
fe-frontend,esrecurse,4.3.0,BSD-2-Clause
fe-frontend,estraverse,5.3.0,BSD-2-Clause
fe-frontend,estree-walker,3.0.3,MIT
fe-frontend,esutils,2.0.3,BSD-2-Clause
fe-frontend,eventemitter3,5.0.4,MIT
fe-frontend,expect-type,1.4.0,Apache-2.0
fe-frontend,fast-deep-equal,3.1.3,MIT
fe-frontend,fast-json-stable-stringify,2.1.0,MIT
fe-frontend,fast-levenshtein,2.0.6,MIT
fe-frontend,fast-string-truncated-width,3.0.3,MIT
fe-frontend,fast-string-width,3.0.2,MIT
fe-frontend,fast-wrap-ansi,0.2.2,MIT
fe-frontend,fdir,6.5.0,MIT
fe-frontend,file-entry-cache,8.0.0,MIT
fe-frontend,find-up,5.0.0,MIT
fe-frontend,flat-cache,4.0.1,MIT
fe-frontend,flatted,3.4.4,ISC
fe-frontend,foreground-child,3.3.1,ISC
fe-frontend,fsevents,2.3.2,MIT
fe-frontend,fsevents,2.3.3,MIT
fe-frontend,gensync,1.0.0-beta.2,MIT
fe-frontend,get-caller-file,2.0.5,ISC
fe-frontend,get-east-asian-width,1.6.0,MIT
fe-frontend,glob,10.5.0,ISC
fe-frontend,glob-parent,6.0.2,ISC
fe-frontend,globals,14.0.0,MIT
fe-frontend,globals,16.5.0,MIT
fe-frontend,graphql,16.14.2,MIT
fe-frontend,has-flag,4.0.0,MIT
fe-frontend,headers-polyfill,5.0.1,MIT
fe-frontend,html-encoding-sniffer,4.0.0,MIT
fe-frontend,html-escaper,2.0.2,MIT
fe-frontend,html-parse-stringify,3.1.0,MIT
fe-frontend,http-proxy-agent,7.0.2,MIT
fe-frontend,https-proxy-agent,7.0.6,MIT
fe-frontend,husky,9.1.7,MIT
fe-frontend,i18next,23.16.8,MIT
fe-frontend,i18next-http-backend,2.7.3,MIT
fe-frontend,iconv-lite,0.6.3,MIT
fe-frontend,ignore,5.3.2,MIT
fe-frontend,ignore,7.0.6,MIT
fe-frontend,import-fresh,3.3.1,MIT
fe-frontend,imurmurhash,0.1.4,MIT
fe-frontend,indent-string,4.0.0,MIT
fe-frontend,index-to-position,1.2.0,MIT
fe-frontend,is-extglob,2.1.1,MIT
fe-frontend,is-fullwidth-code-point,3.0.0,MIT
fe-frontend,is-fullwidth-code-point,5.1.0,MIT
fe-frontend,is-glob,4.0.3,MIT
fe-frontend,is-mobile,5.0.0,MIT
fe-frontend,is-node-process,1.2.0,MIT
fe-frontend,is-potential-custom-element-name,1.0.1,MIT
fe-frontend,isexe,2.0.0,ISC
fe-frontend,istanbul-lib-coverage,3.2.2,BSD-3-Clause
fe-frontend,istanbul-lib-report,3.0.1,BSD-3-Clause
fe-frontend,istanbul-lib-source-maps,5.0.6,BSD-3-Clause
fe-frontend,istanbul-reports,3.2.0,BSD-3-Clause
fe-frontend,its-fine,1.2.5,MIT
fe-frontend,jackspeak,3.4.3,BlueOak-1.0.0
fe-frontend,js-levenshtein,1.1.6,MIT
fe-frontend,js-tokens,10.0.0,MIT
fe-frontend,js-tokens,4.0.0,MIT
fe-frontend,js-tokens,9.0.1,MIT
fe-frontend,js-yaml,4.3.0,MIT
fe-frontend,js-yaml,4.3.1,MIT
fe-frontend,jsdom,26.1.0,MIT
fe-frontend,jsesc,3.1.0,MIT
fe-frontend,json-buffer,3.0.1,MIT
fe-frontend,json-schema-traverse,0.4.1,MIT
fe-frontend,json-schema-traverse,1.0.0,MIT
fe-frontend,json-stable-stringify-without-jsonify,1.0.1,MIT
fe-frontend,json2mq,0.2.0,MIT
fe-frontend,json5,2.2.3,MIT
fe-frontend,keyv,4.5.4,MIT
fe-frontend,konva,9.3.22,MIT
fe-frontend,levn,0.4.1,MIT
fe-frontend,lint-staged,16.4.0,MIT
fe-frontend,listr2,9.0.5,MIT
fe-frontend,locate-path,6.0.0,MIT
fe-frontend,lodash.merge,4.6.2,MIT
fe-frontend,log-update,6.1.0,MIT
fe-frontend,loose-envify,1.4.0,MIT
fe-frontend,loupe,3.2.1,MIT
fe-frontend,lru-cache,10.4.3,ISC
fe-frontend,lru-cache,5.1.1,ISC
fe-frontend,lz-string,1.5.0,MIT
fe-frontend,magic-string,0.30.21,MIT
fe-frontend,magicast,0.3.5,MIT
fe-frontend,make-dir,4.0.0,MIT
fe-frontend,mimic-function,5.0.1,MIT
fe-frontend,min-indent,1.0.1,MIT
fe-frontend,minimatch,10.2.6,BlueOak-1.0.0
fe-frontend,minimatch,3.1.5,ISC
fe-frontend,minimatch,5.1.9,ISC
fe-frontend,minimatch,9.0.9,ISC
fe-frontend,minipass,7.1.3,BlueOak-1.0.0
fe-frontend,ms,2.1.3,MIT
fe-frontend,msw,2.15.0,MIT
fe-frontend,mute-stream,3.0.0,ISC
fe-frontend,nanoid,3.3.17,MIT
fe-frontend,natural-compare,1.4.0,MIT
fe-frontend,node-fetch,2.7.0,MIT
fe-frontend,node-releases,2.0.53,MIT
fe-frontend,nwsapi,2.2.24,MIT
fe-frontend,onetime,7.0.0,MIT
fe-frontend,openapi-fetch,0.13.8,MIT
fe-frontend,openapi-typescript,7.13.0,MIT
fe-frontend,openapi-typescript-helpers,0.0.15,MIT
fe-frontend,optionator,0.9.4,MIT
fe-frontend,outvariant,1.4.3,MIT
fe-frontend,p-limit,3.1.0,MIT
fe-frontend,p-locate,5.0.0,MIT
fe-frontend,package-json-from-dist,1.0.1,BlueOak-1.0.0
fe-frontend,parent-module,1.0.1,MIT
fe-frontend,parse-json,8.3.0,MIT
fe-frontend,parse5,7.3.0,MIT
fe-frontend,path-exists,4.0.0,MIT
fe-frontend,path-key,3.1.1,MIT
fe-frontend,path-scurry,1.11.1,BlueOak-1.0.0
fe-frontend,path-to-regexp,6.3.0,MIT
fe-frontend,pathe,2.0.3,MIT
fe-frontend,pathval,2.0.1,MIT
fe-frontend,picocolors,1.1.1,ISC
fe-frontend,picomatch,4.0.5,MIT
fe-frontend,playwright,1.62.1,Apache-2.0
fe-frontend,playwright-core,1.62.1,Apache-2.0
fe-frontend,pluralize,8.0.0,MIT
fe-frontend,postcss,8.5.26,MIT
fe-frontend,prelude-ls,1.2.1,MIT
fe-frontend,prettier,3.9.6,MIT
fe-frontend,pretty-format,27.5.1,MIT
fe-frontend,punycode,2.3.1,MIT
fe-frontend,rc-cascader,3.34.0,MIT
fe-frontend,rc-checkbox,3.5.0,MIT
fe-frontend,rc-collapse,3.9.0,MIT
fe-frontend,rc-dialog,9.6.0,MIT
fe-frontend,rc-drawer,7.3.0,MIT
fe-frontend,rc-dropdown,4.2.1,MIT
fe-frontend,rc-field-form,2.7.1,MIT
fe-frontend,rc-image,7.12.0,MIT
fe-frontend,rc-input,1.8.0,MIT
fe-frontend,rc-input-number,9.5.0,MIT
fe-frontend,rc-mentions,2.20.0,MIT
fe-frontend,rc-menu,9.16.1,MIT
fe-frontend,rc-motion,2.9.5,MIT
fe-frontend,rc-notification,5.6.4,MIT
fe-frontend,rc-overflow,1.5.0,MIT
fe-frontend,rc-pagination,5.1.0,MIT
fe-frontend,rc-picker,4.11.3,MIT
fe-frontend,rc-progress,4.0.0,MIT
fe-frontend,rc-rate,2.13.1,MIT
fe-frontend,rc-resize-observer,1.4.3,MIT
fe-frontend,rc-segmented,2.7.1,MIT
fe-frontend,rc-select,14.16.8,MIT
fe-frontend,rc-slider,11.1.9,MIT
fe-frontend,rc-steps,6.0.1,MIT
fe-frontend,rc-switch,4.1.0,MIT
fe-frontend,rc-table,7.54.0,MIT
fe-frontend,rc-tabs,15.7.0,MIT
fe-frontend,rc-textarea,1.10.2,MIT
fe-frontend,rc-tooltip,6.4.0,MIT
fe-frontend,rc-tree,5.13.1,MIT
fe-frontend,rc-tree-select,5.27.0,MIT
fe-frontend,rc-upload,4.11.0,MIT
fe-frontend,rc-util,5.44.4,MIT
fe-frontend,rc-virtual-list,3.19.2,MIT
fe-frontend,react,18.3.1,MIT
fe-frontend,react-dom,18.3.1,MIT
fe-frontend,react-i18next,15.7.4,MIT
fe-frontend,react-is,17.0.2,MIT
fe-frontend,react-is,18.3.1,MIT
fe-frontend,react-is,19.2.8,MIT
fe-frontend,react-konva,18.2.16,MIT
fe-frontend,react-reconciler,0.29.2,MIT
fe-frontend,react-refresh,0.17.0,MIT
fe-frontend,react-router,7.18.2,MIT
fe-frontend,redent,3.0.0,MIT
fe-frontend,require-directory,2.1.1,MIT
fe-frontend,require-from-string,2.0.2,MIT
fe-frontend,resize-observer-polyfill,1.5.1,MIT
fe-frontend,resolve-from,4.0.0,MIT
fe-frontend,restore-cursor,5.1.0,MIT
fe-frontend,rettime,0.11.11,MIT
fe-frontend,rfdc,1.4.1,MIT
fe-frontend,rollup,4.62.4,MIT
fe-frontend,rrweb-cssom,0.8.0,MIT
fe-frontend,safer-buffer,2.1.2,MIT
fe-frontend,saxes,6.0.0,ISC
fe-frontend,scheduler,0.23.2,MIT
fe-frontend,scroll-into-view-if-needed,3.1.0,MIT
fe-frontend,semver,6.3.1,ISC
fe-frontend,semver,7.8.5,ISC
fe-frontend,set-cookie-parser,2.7.2,MIT
fe-frontend,set-cookie-parser,3.1.2,MIT
fe-frontend,shebang-command,2.0.0,MIT
fe-frontend,shebang-regex,3.0.0,MIT
fe-frontend,siginfo,2.0.0,ISC
fe-frontend,signal-exit,4.1.0,ISC
fe-frontend,slice-ansi,7.1.2,MIT
fe-frontend,slice-ansi,8.0.0,MIT
fe-frontend,source-map-js,1.2.1,BSD-3-Clause
fe-frontend,stackback,0.0.2,MIT
fe-frontend,statuses,2.0.2,MIT
fe-frontend,std-env,3.10.0,MIT
fe-frontend,strict-event-emitter,0.5.1,MIT
fe-frontend,string-argv,0.3.2,MIT
fe-frontend,string-convert,0.2.1,MIT
fe-frontend,string-width,4.2.3,MIT
fe-frontend,string-width,5.1.2,MIT
fe-frontend,string-width,7.2.0,MIT
fe-frontend,string-width,8.2.2,MIT
fe-frontend,strip-ansi,6.0.1,MIT
fe-frontend,strip-ansi,7.2.0,MIT
fe-frontend,strip-indent,3.0.0,MIT
fe-frontend,strip-json-comments,3.1.1,MIT
fe-frontend,strip-literal,3.1.0,MIT
fe-frontend,stylis,4.4.0,MIT
fe-frontend,supports-color,10.2.2,MIT
fe-frontend,supports-color,7.2.0,MIT
fe-frontend,symbol-tree,3.2.4,MIT
fe-frontend,tagged-tag,1.0.0,MIT
fe-frontend,test-exclude,7.0.2,ISC
fe-frontend,throttle-debounce,5.0.2,MIT
fe-frontend,tinybench,2.9.0,MIT
fe-frontend,tinyexec,0.3.2,MIT
fe-frontend,tinyexec,1.3.0,MIT
fe-frontend,tinyglobby,0.2.17,MIT
fe-frontend,tinypool,1.1.1,MIT
fe-frontend,tinyrainbow,2.0.0,MIT
fe-frontend,tinyspy,4.0.4,MIT
fe-frontend,tldts,6.1.86,MIT
fe-frontend,tldts,7.4.10,MIT
fe-frontend,tldts-core,6.1.86,MIT
fe-frontend,tldts-core,7.4.10,MIT
fe-frontend,toggle-selection,1.0.6,MIT
fe-frontend,tough-cookie,5.1.2,BSD-3-Clause
fe-frontend,tough-cookie,6.0.2,BSD-3-Clause
fe-frontend,tr46,0.0.3,MIT
fe-frontend,tr46,5.1.1,MIT
fe-frontend,ts-api-utils,2.5.0,MIT
fe-frontend,type-check,0.4.0,MIT
fe-frontend,type-fest,4.41.0,(MIT OR CC0-1.0)
fe-frontend,type-fest,5.8.0,(MIT OR CC0-1.0)
fe-frontend,typescript,5.9.3,Apache-2.0
fe-frontend,typescript-eslint,8.66.0,MIT
fe-frontend,undici-types,6.21.0,MIT
fe-frontend,until-async,3.0.2,MIT
fe-frontend,update-browserslist-db,1.3.0,MIT
fe-frontend,uplot,1.6.32,MIT
fe-frontend,uri-js,4.4.1,BSD-2-Clause
fe-frontend,uri-js-replace,1.0.1,MIT
fe-frontend,vite,6.4.3,MIT
fe-frontend,vite-node,3.2.4,MIT
fe-frontend,vitest,3.2.7,MIT
fe-frontend,void-elements,3.1.0,MIT
fe-frontend,w3c-xmlserializer,5.0.0,MIT
fe-frontend,webidl-conversions,3.0.1,BSD-2-Clause
fe-frontend,webidl-conversions,7.0.0,BSD-2-Clause
fe-frontend,whatwg-encoding,3.1.1,MIT
fe-frontend,whatwg-mimetype,4.0.0,MIT
fe-frontend,whatwg-url,14.2.0,MIT
fe-frontend,whatwg-url,5.0.0,MIT
fe-frontend,which,2.0.2,ISC
fe-frontend,why-is-node-running,2.3.0,MIT
fe-frontend,word-wrap,1.2.5,MIT
fe-frontend,wrap-ansi,7.0.0,MIT
fe-frontend,wrap-ansi,8.1.0,MIT
fe-frontend,wrap-ansi,9.0.2,MIT
fe-frontend,ws,8.21.2,MIT
fe-frontend,xml-name-validator,5.0.0,Apache-2.0
fe-frontend,xmlchars,2.2.0,MIT
fe-frontend,y18n,5.0.8,ISC
fe-frontend,yallist,3.1.1,ISC
fe-frontend,yaml,2.9.0,ISC
fe-frontend,yaml-ast-parser,0.0.43,Apache-2.0
fe-frontend,yargs,17.7.3,MIT
fe-frontend,yargs-parser,21.1.1,ISC
fe-frontend,yocto-queue,0.1.0,MIT
fe-frontend,zustand,5.0.14,MIT
go-assessment,github.com/BurntSushi/toml,v1.4.0,MIT
go-assessment,github.com/beorn7/perks,v1.0.1,MIT
go-assessment,github.com/cespare/xxhash/v2,v2.3.0,MIT
go-assessment,github.com/davecgh/go-spew,v1.1.1,ISC
go-assessment,github.com/google/go-cmp,v0.6.0,BSD-3-Clause
go-assessment,github.com/jackc/pgpassfile,v1.0.0,MIT
go-assessment,github.com/jackc/pgservicefile,v0.0.0-20221227161230-091c0ba34f0a,MIT
go-assessment,github.com/jackc/pgx/v5,v5.6.0,MIT
go-assessment,github.com/jackc/puddle/v2,v2.2.1,MIT
go-assessment,github.com/klauspost/compress,v1.17.9,Apache-2.0
go-assessment,github.com/klauspost/compress,v1.17.9,BSD-3-Clause
go-assessment,github.com/klauspost/compress,v1.17.9,MIT
go-assessment,github.com/kylelemons/godebug,v1.1.0,Apache-2.0
go-assessment,github.com/munnerz/goautoneg,v0.0.0-20191010083416-a7dc8b61c822,BSD-3-Clause
go-assessment,github.com/pmezard/go-difflib,v1.0.0,BSD-3-Clause
go-assessment,github.com/prometheus/client_golang,v1.20.5,Apache-2.0
go-assessment,github.com/prometheus/client_golang,v1.20.5,BSD-3-Clause
go-assessment,github.com/prometheus/client_model,v0.6.1,Apache-2.0
go-assessment,github.com/prometheus/common,v0.55.0,Apache-2.0
go-assessment,github.com/prometheus/procfs,v0.15.1,Apache-2.0
go-assessment,github.com/stretchr/testify,v1.9.0,MIT
go-assessment,golang.org/x/crypto,v0.17.0,BSD-3-Clause
go-assessment,golang.org/x/sync,v0.7.0,BSD-3-Clause
go-assessment,golang.org/x/sys,v0.22.0,BSD-3-Clause
go-assessment,golang.org/x/text,v0.16.0,BSD-3-Clause
go-assessment,google.golang.org/protobuf,v1.34.2,BSD-3-Clause
go-assessment,gopkg.in/yaml.v3,v3.0.1,Apache-2.0
go-assessment,gopkg.in/yaml.v3,v3.0.1,MIT
go-auth,github.com/Azure/go-ntlmssp,v0.0.0-20221128193559-754e69321358,MIT
go-auth,github.com/BurntSushi/toml,v1.4.0,MIT
go-auth,github.com/beorn7/perks,v1.0.1,MIT
go-auth,github.com/boombuler/barcode,v1.0.1-0.20190219062509-6c824513bacc,MIT
go-auth,github.com/cespare/xxhash/v2,v2.3.0,MIT
go-auth,github.com/davecgh/go-spew,v1.1.1,ISC
go-auth,github.com/go-asn1-ber/asn1-ber,v1.5.5,MIT
go-auth,github.com/go-ldap/ldap/v3,v3.4.8,MIT
go-auth,github.com/golang-jwt/jwt/v5,v5.2.1,MIT
go-auth,github.com/google/go-cmp,v0.6.0,BSD-3-Clause
go-auth,github.com/google/uuid,v1.6.0,BSD-3-Clause
go-auth,github.com/jackc/pgpassfile,v1.0.0,MIT
go-auth,github.com/jackc/pgservicefile,v0.0.0-20221227161230-091c0ba34f0a,MIT
go-auth,github.com/jackc/pgx/v5,v5.6.0,MIT
go-auth,github.com/jackc/puddle/v2,v2.2.1,MIT
go-auth,github.com/klauspost/compress,v1.17.9,Apache-2.0
go-auth,github.com/klauspost/compress,v1.17.9,BSD-3-Clause
go-auth,github.com/klauspost/compress,v1.17.9,MIT
go-auth,github.com/kylelemons/godebug,v1.1.0,Apache-2.0
go-auth,github.com/munnerz/goautoneg,v0.0.0-20191010083416-a7dc8b61c822,BSD-3-Clause
go-auth,github.com/pmezard/go-difflib,v1.0.0,BSD-3-Clause
go-auth,github.com/pquerna/otp,v1.4.0,Apache-2.0
go-auth,github.com/prometheus/client_golang,v1.20.5,Apache-2.0
go-auth,github.com/prometheus/client_golang,v1.20.5,BSD-3-Clause
go-auth,github.com/prometheus/client_model,v0.6.1,Apache-2.0
go-auth,github.com/prometheus/common,v0.55.0,Apache-2.0
go-auth,github.com/prometheus/procfs,v0.15.1,Apache-2.0
go-auth,github.com/stretchr/testify,v1.9.0,MIT
go-auth,golang.org/x/crypto,v0.21.0,BSD-3-Clause
go-auth,golang.org/x/sync,v0.7.0,BSD-3-Clause
go-auth,golang.org/x/sys,v0.22.0,BSD-3-Clause
go-auth,golang.org/x/text,v0.16.0,BSD-3-Clause
go-auth,google.golang.org/protobuf,v1.34.2,BSD-3-Clause
go-auth,gopkg.in/yaml.v3,v3.0.1,Apache-2.0
go-auth,gopkg.in/yaml.v3,v3.0.1,MIT
go-constructor,github.com/BurntSushi/toml,v1.4.0,MIT
go-constructor,github.com/beorn7/perks,v1.0.1,MIT
go-constructor,github.com/cespare/xxhash/v2,v2.3.0,MIT
go-constructor,github.com/davecgh/go-spew,v1.1.1,ISC
go-constructor,github.com/google/go-cmp,v0.6.0,BSD-3-Clause
go-constructor,github.com/jackc/pgpassfile,v1.0.0,MIT
go-constructor,github.com/jackc/pgservicefile,v0.0.0-20221227161230-091c0ba34f0a,MIT
go-constructor,github.com/jackc/pgx/v5,v5.6.0,MIT
go-constructor,github.com/jackc/puddle/v2,v2.2.1,MIT
go-constructor,github.com/klauspost/compress,v1.17.9,Apache-2.0
go-constructor,github.com/klauspost/compress,v1.17.9,BSD-3-Clause
go-constructor,github.com/klauspost/compress,v1.17.9,MIT
go-constructor,github.com/kylelemons/godebug,v1.1.0,Apache-2.0
go-constructor,github.com/munnerz/goautoneg,v0.0.0-20191010083416-a7dc8b61c822,BSD-3-Clause
go-constructor,github.com/pmezard/go-difflib,v1.0.0,BSD-3-Clause
go-constructor,github.com/prometheus/client_golang,v1.20.5,Apache-2.0
go-constructor,github.com/prometheus/client_golang,v1.20.5,BSD-3-Clause
go-constructor,github.com/prometheus/client_model,v0.6.1,Apache-2.0
go-constructor,github.com/prometheus/common,v0.55.0,Apache-2.0
go-constructor,github.com/prometheus/procfs,v0.15.1,Apache-2.0
go-constructor,github.com/stretchr/testify,v1.9.0,MIT
go-constructor,golang.org/x/crypto,v0.17.0,BSD-3-Clause
go-constructor,golang.org/x/sync,v0.7.0,BSD-3-Clause
go-constructor,golang.org/x/sys,v0.22.0,BSD-3-Clause
go-constructor,golang.org/x/text,v0.16.0,BSD-3-Clause
go-constructor,google.golang.org/protobuf,v1.34.2,BSD-3-Clause
go-constructor,gopkg.in/yaml.v3,v3.0.1,Apache-2.0
go-constructor,gopkg.in/yaml.v3,v3.0.1,MIT
go-gw,github.com/BurntSushi/toml,v1.4.0,MIT
go-gw,github.com/beorn7/perks,v1.0.1,MIT
go-gw,github.com/cespare/xxhash/v2,v2.3.0,MIT
go-gw,github.com/google/go-cmp,v0.6.0,BSD-3-Clause
go-gw,github.com/klauspost/compress,v1.17.9,Apache-2.0
go-gw,github.com/klauspost/compress,v1.17.9,BSD-3-Clause
go-gw,github.com/klauspost/compress,v1.17.9,MIT
go-gw,github.com/kylelemons/godebug,v1.1.0,Apache-2.0
go-gw,github.com/munnerz/goautoneg,v0.0.0-20191010083416-a7dc8b61c822,BSD-3-Clause
go-gw,github.com/prometheus/client_golang,v1.20.5,Apache-2.0
go-gw,github.com/prometheus/client_golang,v1.20.5,BSD-3-Clause
go-gw,github.com/prometheus/client_model,v0.6.1,Apache-2.0
go-gw,github.com/prometheus/common,v0.55.0,Apache-2.0
go-gw,github.com/prometheus/procfs,v0.15.1,Apache-2.0
go-gw,golang.org/x/sys,v0.22.0,BSD-3-Clause
go-gw,google.golang.org/protobuf,v1.34.2,BSD-3-Clause
go-orchestrator,github.com/BurntSushi/toml,v1.4.0,MIT
go-orchestrator,github.com/beorn7/perks,v1.0.1,MIT
go-orchestrator,github.com/bsm/ginkgo/v2,v2.12.0,MIT
go-orchestrator,github.com/bsm/gomega,v1.27.10,MIT
go-orchestrator,github.com/cespare/xxhash/v2,v2.3.0,MIT
go-orchestrator,github.com/davecgh/go-spew,v1.1.1,ISC
go-orchestrator,github.com/dgryski/go-rendezvous,v0.0.0-20200823014737-9f7001d12a5f,MIT
go-orchestrator,github.com/google/go-cmp,v0.6.0,BSD-3-Clause
go-orchestrator,github.com/jackc/pgpassfile,v1.0.0,MIT
go-orchestrator,github.com/jackc/pgservicefile,v0.0.0-20221227161230-091c0ba34f0a,MIT
go-orchestrator,github.com/jackc/pgx/v5,v5.6.0,MIT
go-orchestrator,github.com/jackc/puddle/v2,v2.2.1,MIT
go-orchestrator,github.com/klauspost/compress,v1.17.9,Apache-2.0
go-orchestrator,github.com/klauspost/compress,v1.17.9,BSD-3-Clause
go-orchestrator,github.com/klauspost/compress,v1.17.9,MIT
go-orchestrator,github.com/kylelemons/godebug,v1.1.0,Apache-2.0
go-orchestrator,github.com/munnerz/goautoneg,v0.0.0-20191010083416-a7dc8b61c822,BSD-3-Clause
go-orchestrator,github.com/nats-io/nats.go,v1.36.0,Apache-2.0
go-orchestrator,github.com/nats-io/nkeys,v0.4.7,Apache-2.0
go-orchestrator,github.com/nats-io/nuid,v1.0.1,Apache-2.0
go-orchestrator,github.com/pmezard/go-difflib,v1.0.0,BSD-3-Clause
go-orchestrator,github.com/prometheus/client_golang,v1.20.5,Apache-2.0
go-orchestrator,github.com/prometheus/client_golang,v1.20.5,BSD-3-Clause
go-orchestrator,github.com/prometheus/client_model,v0.6.1,Apache-2.0
go-orchestrator,github.com/prometheus/common,v0.55.0,Apache-2.0
go-orchestrator,github.com/prometheus/procfs,v0.15.1,Apache-2.0
go-orchestrator,github.com/redis/go-redis/v9,v9.6.1,BSD-2-Clause
go-orchestrator,github.com/stretchr/testify,v1.9.0,MIT
go-orchestrator,golang.org/x/crypto,v0.18.0,BSD-3-Clause
go-orchestrator,golang.org/x/sync,v0.7.0,BSD-3-Clause
go-orchestrator,golang.org/x/sys,v0.22.0,BSD-3-Clause
go-orchestrator,golang.org/x/text,v0.16.0,BSD-3-Clause
go-orchestrator,google.golang.org/protobuf,v1.34.2,BSD-3-Clause
go-orchestrator,gopkg.in/yaml.v3,v3.0.1,Apache-2.0
go-orchestrator,gopkg.in/yaml.v3,v3.0.1,MIT
go-orchestrator,nhooyr.io/websocket,v1.8.11,ISC
go-report,github.com/BurntSushi/toml,v1.4.0,MIT
go-report,github.com/beorn7/perks,v1.0.1,MIT
go-report,github.com/cespare/xxhash/v2,v2.3.0,MIT
go-report,github.com/davecgh/go-spew,v1.1.1,ISC
go-report,github.com/google/go-cmp,v0.6.0,BSD-3-Clause
go-report,github.com/jackc/pgpassfile,v1.0.0,MIT
go-report,github.com/jackc/pgservicefile,v0.0.0-20221227161230-091c0ba34f0a,MIT
go-report,github.com/jackc/pgx/v5,v5.6.0,MIT
go-report,github.com/jackc/puddle/v2,v2.2.1,MIT
go-report,github.com/jung-kurt/gofpdf,v1.16.2,MIT
go-report,github.com/klauspost/compress,v1.17.9,Apache-2.0
go-report,github.com/klauspost/compress,v1.17.9,BSD-3-Clause
go-report,github.com/klauspost/compress,v1.17.9,MIT
go-report,github.com/kylelemons/godebug,v1.1.0,Apache-2.0
go-report,github.com/munnerz/goautoneg,v0.0.0-20191010083416-a7dc8b61c822,BSD-3-Clause
go-report,github.com/nats-io/nats.go,v1.36.0,Apache-2.0
go-report,github.com/nats-io/nkeys,v0.4.7,Apache-2.0
go-report,github.com/nats-io/nuid,v1.0.1,Apache-2.0
go-report,github.com/pmezard/go-difflib,v1.0.0,BSD-3-Clause
go-report,github.com/prometheus/client_golang,v1.20.5,Apache-2.0
go-report,github.com/prometheus/client_golang,v1.20.5,BSD-3-Clause
go-report,github.com/prometheus/client_model,v0.6.1,Apache-2.0
go-report,github.com/prometheus/common,v0.55.0,Apache-2.0
go-report,github.com/prometheus/procfs,v0.15.1,Apache-2.0
go-report,github.com/stretchr/testify,v1.9.0,MIT
go-report,golang.org/x/crypto,v0.18.0,BSD-3-Clause
go-report,golang.org/x/sync,v0.7.0,BSD-3-Clause
go-report,golang.org/x/sys,v0.22.0,BSD-3-Clause
go-report,golang.org/x/text,v0.16.0,BSD-3-Clause
go-report,google.golang.org/protobuf,v1.34.2,BSD-3-Clause
go-report,gopkg.in/yaml.v3,v3.0.1,Apache-2.0
go-report,gopkg.in/yaml.v3,v3.0.1,MIT
go-scenario,github.com/BurntSushi/toml,v1.4.0,MIT
go-scenario,github.com/beorn7/perks,v1.0.1,MIT
go-scenario,github.com/cespare/xxhash/v2,v2.3.0,MIT
go-scenario,github.com/davecgh/go-spew,v1.1.1,ISC
go-scenario,github.com/google/go-cmp,v0.6.0,BSD-3-Clause
go-scenario,github.com/jackc/pgpassfile,v1.0.0,MIT
go-scenario,github.com/jackc/pgservicefile,v0.0.0-20221227161230-091c0ba34f0a,MIT
go-scenario,github.com/jackc/pgx/v5,v5.6.0,MIT
go-scenario,github.com/jackc/puddle/v2,v2.2.1,MIT
go-scenario,github.com/klauspost/compress,v1.17.9,Apache-2.0
go-scenario,github.com/klauspost/compress,v1.17.9,BSD-3-Clause
go-scenario,github.com/klauspost/compress,v1.17.9,MIT
go-scenario,github.com/kylelemons/godebug,v1.1.0,Apache-2.0
go-scenario,github.com/munnerz/goautoneg,v0.0.0-20191010083416-a7dc8b61c822,BSD-3-Clause
go-scenario,github.com/pmezard/go-difflib,v1.0.0,BSD-3-Clause
go-scenario,github.com/prometheus/client_golang,v1.20.5,Apache-2.0
go-scenario,github.com/prometheus/client_golang,v1.20.5,BSD-3-Clause
go-scenario,github.com/prometheus/client_model,v0.6.1,Apache-2.0
go-scenario,github.com/prometheus/common,v0.55.0,Apache-2.0
go-scenario,github.com/prometheus/procfs,v0.15.1,Apache-2.0
go-scenario,github.com/stretchr/testify,v1.9.0,MIT
go-scenario,golang.org/x/crypto,v0.17.0,BSD-3-Clause
go-scenario,golang.org/x/sync,v0.7.0,BSD-3-Clause
go-scenario,golang.org/x/sys,v0.22.0,BSD-3-Clause
go-scenario,golang.org/x/text,v0.16.0,BSD-3-Clause
go-scenario,google.golang.org/protobuf,v1.34.2,BSD-3-Clause
go-scenario,gopkg.in/yaml.v3,v3.0.1,Apache-2.0
go-scenario,gopkg.in/yaml.v3,v3.0.1,MIT
go-shared,github.com/beorn7/perks,v1.0.1,MIT
go-shared,github.com/cespare/xxhash/v2,v2.3.0,MIT
go-shared,github.com/davecgh/go-spew,v1.1.1,ISC
go-shared,github.com/google/go-cmp,v0.6.0,BSD-3-Clause
go-shared,github.com/jackc/pgpassfile,v1.0.0,MIT
go-shared,github.com/jackc/pgservicefile,v0.0.0-20221227161230-091c0ba34f0a,MIT
go-shared,github.com/jackc/pgx/v5,v5.6.0,MIT
go-shared,github.com/jackc/puddle/v2,v2.2.1,MIT
go-shared,github.com/klauspost/compress,v1.17.9,Apache-2.0
go-shared,github.com/klauspost/compress,v1.17.9,BSD-3-Clause
go-shared,github.com/klauspost/compress,v1.17.9,MIT
go-shared,github.com/kylelemons/godebug,v1.1.0,Apache-2.0
go-shared,github.com/munnerz/goautoneg,v0.0.0-20191010083416-a7dc8b61c822,BSD-3-Clause
go-shared,github.com/pmezard/go-difflib,v1.0.0,BSD-3-Clause
go-shared,github.com/prometheus/client_golang,v1.20.5,Apache-2.0
go-shared,github.com/prometheus/client_golang,v1.20.5,BSD-3-Clause
go-shared,github.com/prometheus/client_model,v0.6.1,Apache-2.0
go-shared,github.com/prometheus/common,v0.55.0,Apache-2.0
go-shared,github.com/prometheus/procfs,v0.15.1,Apache-2.0
go-shared,github.com/stretchr/testify,v1.9.0,MIT
go-shared,golang.org/x/crypto,v0.17.0,BSD-3-Clause
go-shared,golang.org/x/sync,v0.7.0,BSD-3-Clause
go-shared,golang.org/x/sys,v0.22.0,BSD-3-Clause
go-shared,golang.org/x/text,v0.16.0,BSD-3-Clause
go-shared,google.golang.org/protobuf,v1.34.2,BSD-3-Clause
go-shared,gopkg.in/yaml.v3,v3.0.1,Apache-2.0
go-shared,gopkg.in/yaml.v3,v3.0.1,MIT
go-sim-manager,github.com/BurntSushi/toml,v1.4.0,MIT
go-sim-manager,github.com/Microsoft/go-winio,v0.6.2,NONE
go-sim-manager,github.com/beorn7/perks,v1.0.1,MIT
go-sim-manager,github.com/cenkalti/backoff/v5,v5.0.3,MIT
go-sim-manager,github.com/cespare/xxhash/v2,v2.3.0,MIT
go-sim-manager,github.com/containerd/log,v0.1.0,Apache-2.0
go-sim-manager,github.com/davecgh/go-spew,v1.1.1,ISC
go-sim-manager,github.com/distribution/reference,v0.6.0,Apache-2.0
go-sim-manager,github.com/docker/docker,v27.3.1+incompatible,Apache-2.0
go-sim-manager,github.com/docker/go-connections,v0.5.0,Apache-2.0
go-sim-manager,github.com/docker/go-units,v0.5.0,Apache-2.0
go-sim-manager,github.com/felixge/httpsnoop,v1.1.0,MIT
go-sim-manager,github.com/go-logr/logr,v1.4.4,Apache-2.0
go-sim-manager,github.com/go-logr/stdr,v1.2.2,Apache-2.0
go-sim-manager,github.com/gogo/protobuf,v1.3.2,BSD-3-Clause
go-sim-manager,github.com/google/go-cmp,v0.7.0,BSD-3-Clause
go-sim-manager,github.com/google/uuid,v1.6.0,BSD-3-Clause
go-sim-manager,github.com/grpc-ecosystem/grpc-gateway/v2,v2.29.0,BSD-3-Clause
go-sim-manager,github.com/klauspost/compress,v1.17.9,Apache-2.0
go-sim-manager,github.com/klauspost/compress,v1.17.9,BSD-3-Clause
go-sim-manager,github.com/klauspost/compress,v1.17.9,MIT
go-sim-manager,github.com/kylelemons/godebug,v1.1.0,Apache-2.0
go-sim-manager,github.com/moby/docker-image-spec,v1.3.1,Apache-2.0
go-sim-manager,github.com/moby/term,v0.5.2,Apache-2.0
go-sim-manager,github.com/morikuni/aec,v1.1.0,MIT
go-sim-manager,github.com/munnerz/goautoneg,v0.0.0-20191010083416-a7dc8b61c822,BSD-3-Clause
go-sim-manager,github.com/opencontainers/go-digest,v1.0.0,Apache-2.0
go-sim-manager,github.com/opencontainers/go-digest,v1.0.0,CC-BY-SA-4.0
go-sim-manager,github.com/opencontainers/image-spec,v1.1.1,Apache-2.0
go-sim-manager,github.com/pkg/errors,v0.9.1,BSD-2-Clause
go-sim-manager,github.com/pmezard/go-difflib,v1.0.0,BSD-3-Clause
go-sim-manager,github.com/prometheus/client_golang,v1.20.5,Apache-2.0
go-sim-manager,github.com/prometheus/client_golang,v1.20.5,BSD-3-Clause
go-sim-manager,github.com/prometheus/client_model,v0.6.1,Apache-2.0
go-sim-manager,github.com/prometheus/common,v0.55.0,Apache-2.0
go-sim-manager,github.com/prometheus/procfs,v0.15.1,Apache-2.0
go-sim-manager,github.com/sirupsen/logrus,v1.9.3,MIT
go-sim-manager,github.com/stretchr/testify,v1.11.1,MIT
go-sim-manager,go.opentelemetry.io/auto/sdk,v1.2.1,Apache-2.0
go-sim-manager,go.opentelemetry.io/contrib/instrumentation/net/http/otelhttp,v0.70.0,Apache-2.0
go-sim-manager,go.opentelemetry.io/contrib/instrumentation/net/http/otelhttp,v0.70.0,BSD-3-Clause
go-sim-manager,go.opentelemetry.io/otel,v1.45.0,Apache-2.0
go-sim-manager,go.opentelemetry.io/otel,v1.45.0,BSD-3-Clause
go-sim-manager,go.opentelemetry.io/otel/exporters/otlp/otlptrace,v1.45.0,Apache-2.0
go-sim-manager,go.opentelemetry.io/otel/exporters/otlp/otlptrace,v1.45.0,BSD-3-Clause
go-sim-manager,go.opentelemetry.io/otel/exporters/otlp/otlptrace/otlptracehttp,v1.45.0,Apache-2.0
go-sim-manager,go.opentelemetry.io/otel/exporters/otlp/otlptrace/otlptracehttp,v1.45.0,BSD-3-Clause
go-sim-manager,go.opentelemetry.io/otel/metric,v1.45.0,Apache-2.0
go-sim-manager,go.opentelemetry.io/otel/metric,v1.45.0,BSD-3-Clause
go-sim-manager,go.opentelemetry.io/otel/sdk,v1.45.0,Apache-2.0
go-sim-manager,go.opentelemetry.io/otel/sdk,v1.45.0,BSD-3-Clause
go-sim-manager,go.opentelemetry.io/otel/sdk/metric,v1.45.0,Apache-2.0
go-sim-manager,go.opentelemetry.io/otel/sdk/metric,v1.45.0,BSD-3-Clause
go-sim-manager,go.opentelemetry.io/otel/trace,v1.45.0,Apache-2.0
go-sim-manager,go.opentelemetry.io/otel/trace,v1.45.0,BSD-3-Clause
go-sim-manager,go.opentelemetry.io/proto/otlp,v1.11.0,Apache-2.0
go-sim-manager,golang.org/x/net,v0.57.0,BSD-3-Clause
go-sim-manager,golang.org/x/sys,v0.47.0,BSD-3-Clause
go-sim-manager,golang.org/x/text,v0.40.0,BSD-3-Clause
go-sim-manager,golang.org/x/time,v0.15.0,BSD-3-Clause
go-sim-manager,google.golang.org/genproto/googleapis/api,v0.0.0-20260803160001-6ac0973c030d,Apache-2.0
go-sim-manager,google.golang.org/genproto/googleapis/rpc,v0.0.0-20260803160001-6ac0973c030d,Apache-2.0
go-sim-manager,google.golang.org/grpc,v1.83.0,Apache-2.0
go-sim-manager,google.golang.org/protobuf,v1.36.11,BSD-3-Clause
go-sim-manager,gopkg.in/yaml.v3,v3.0.1,Apache-2.0
go-sim-manager,gopkg.in/yaml.v3,v3.0.1,MIT
go-sim-manager,gotest.tools/v3,v3.5.2,Apache-2.0
go-sim-manager,gotest.tools/v3,v3.5.2,BSD-3-Clause
go-snapshot,github.com/BurntSushi/toml,v1.4.0,MIT
go-snapshot,github.com/beorn7/perks,v1.0.1,MIT
go-snapshot,github.com/cespare/xxhash/v2,v2.3.0,MIT
go-snapshot,github.com/davecgh/go-spew,v1.1.1,ISC
go-snapshot,github.com/dustin/go-humanize,v1.0.1,NONE
go-snapshot,github.com/go-ini/ini,v1.67.0,Apache-2.0
go-snapshot,github.com/goccy/go-json,v0.10.3,MIT
go-snapshot,github.com/google/go-cmp,v0.6.0,BSD-3-Clause
go-snapshot,github.com/google/uuid,v1.6.0,BSD-3-Clause
go-snapshot,github.com/jackc/pgpassfile,v1.0.0,MIT
go-snapshot,github.com/jackc/pgservicefile,v0.0.0-20221227161230-091c0ba34f0a,MIT
go-snapshot,github.com/jackc/pgx/v5,v5.6.0,MIT
go-snapshot,github.com/jackc/puddle/v2,v2.2.1,MIT
go-snapshot,github.com/klauspost/compress,v1.17.9,Apache-2.0
go-snapshot,github.com/klauspost/compress,v1.17.9,BSD-3-Clause
go-snapshot,github.com/klauspost/compress,v1.17.9,MIT
go-snapshot,github.com/klauspost/cpuid/v2,v2.2.8,NONE
go-snapshot,github.com/kylelemons/godebug,v1.1.0,Apache-2.0
go-snapshot,github.com/minio/md5-simd,v1.1.2,Apache-2.0
go-snapshot,github.com/minio/md5-simd,v1.1.2,BSD-3-Clause
go-snapshot,github.com/minio/minio-go/v7,v7.0.74,Apache-2.0
go-snapshot,github.com/munnerz/goautoneg,v0.0.0-20191010083416-a7dc8b61c822,BSD-3-Clause
go-snapshot,github.com/pmezard/go-difflib,v1.0.0,BSD-3-Clause
go-snapshot,github.com/prometheus/client_golang,v1.20.5,Apache-2.0
go-snapshot,github.com/prometheus/client_golang,v1.20.5,BSD-3-Clause
go-snapshot,github.com/prometheus/client_model,v0.6.1,Apache-2.0
go-snapshot,github.com/prometheus/common,v0.55.0,Apache-2.0
go-snapshot,github.com/prometheus/procfs,v0.15.1,Apache-2.0
go-snapshot,github.com/rs/xid,v1.5.0,MIT
go-snapshot,github.com/stretchr/testify,v1.9.0,MIT
go-snapshot,golang.org/x/crypto,v0.24.0,BSD-3-Clause
go-snapshot,golang.org/x/net,v0.26.0,BSD-3-Clause
go-snapshot,golang.org/x/sync,v0.7.0,BSD-3-Clause
go-snapshot,golang.org/x/sys,v0.22.0,BSD-3-Clause
go-snapshot,golang.org/x/text,v0.16.0,BSD-3-Clause
go-snapshot,google.golang.org/protobuf,v1.34.2,BSD-3-Clause
go-snapshot,gopkg.in/yaml.v3,v3.0.1,Apache-2.0
go-snapshot,gopkg.in/yaml.v3,v3.0.1,MIT
py-ai,PyYAML,6.0.3,MIT
py-ai,annotated-types,0.8.0,MIT
py-ai,anyio,4.14.2,MIT
py-ai,cffi,2.1.1,MIT-0
py-ai,charset-normalizer,3.4.9,MIT
py-ai,click,8.4.2,BSD-3-Clause
py-ai,cryptography,50.0.0,Apache-2.0 OR BSD-3-Clause
py-ai,fastapi,0.115.6,OSI Approved :: MIT License
py-ai,grpcio,1.68.1,Apache License 2.0
py-ai,grpcio-tools,1.68.1,Apache License 2.0
py-ai,h11,0.16.0,MIT
py-ai,httptools,0.8.0,MIT
py-ai,idna,3.18,BSD-3-Clause
py-ai,pdfminer.six,20231228,MIT/X
py-ai,pdfplumber,0.11.4,OSI Approved :: MIT License
py-ai,pillow,12.3.0,MIT-CMU
py-ai,pip,24.2,MIT
py-ai,prometheus_client,0.21.1,Apache Software License 2.0
py-ai,protobuf,5.29.1,3-Clause BSD License
py-ai,psycopg,3.2.3,GNU Lesser General Public License v3 (LGPLv3)
py-ai,psycopg-binary,3.2.3,GNU Lesser General Public License v3 (LGPLv3)
py-ai,pycparser,3.0,BSD-3-Clause
py-ai,pydantic,2.13.4,MIT
py-ai,pydantic_core,2.46.4,MIT
py-ai,pypdfium2,5.12.1,"BSD-3-Clause, Apache-2.0, dependency licenses"
py-ai,python-dotenv,1.2.2,BSD-3-Clause
py-ai,setuptools,84.0.0,MIT
py-ai,starlette,0.41.3,BSD-3-Clause
py-ai,typing-inspection,0.4.3,MIT
py-ai,typing_extensions,4.16.0,PSF-2.0
py-ai,uvicorn,0.34.0,BSD-3-Clause
py-ai,uvloop,0.22.1,MIT License
py-ai,watchfiles,1.2.0,MIT
py-ai,websockets,17.0.1,BSD-3-Clause
py-sim-engine,PyYAML,6.0.3,MIT
py-sim-engine,annotated-types,0.8.0,MIT
py-sim-engine,anyio,4.14.2,MIT
py-sim-engine,click,8.4.2,BSD-3-Clause
py-sim-engine,fastapi,0.115.6,OSI Approved :: MIT License
py-sim-engine,grpcio,1.68.1,Apache License 2.0
py-sim-engine,grpcio-tools,1.68.1,Apache License 2.0
py-sim-engine,h11,0.16.0,MIT
py-sim-engine,httptools,0.8.0,MIT
py-sim-engine,idna,3.18,BSD-3-Clause
py-sim-engine,numpy,2.1.3,"Copyright (c) 2005-2024, NumPy Developers."
py-sim-engine,pip,24.2,MIT
py-sim-engine,prometheus_client,0.21.1,Apache Software License 2.0
py-sim-engine,protobuf,5.29.1,3-Clause BSD License
py-sim-engine,pydantic,2.13.4,MIT
py-sim-engine,pydantic_core,2.46.4,MIT
py-sim-engine,python-dotenv,1.2.2,BSD-3-Clause
py-sim-engine,setuptools,84.0.0,MIT
py-sim-engine,starlette,0.41.3,BSD-3-Clause
py-sim-engine,typing-inspection,0.4.3,MIT
py-sim-engine,typing_extensions,4.16.0,PSF-2.0
py-sim-engine,uvicorn,0.34.0,BSD-3-Clause
py-sim-engine,uvloop,0.22.1,MIT License
py-sim-engine,watchfiles,1.2.0,MIT
py-sim-engine,websockets,17.0.1,BSD-3-Clause
